ESH99,TYH99
ESH99,TYH99
ESH99,TYH99
ESH99,TYH99
ESH99,TYH99
ESH99,TYH99
ESH99,TYH99
ESH99,TYH99
ESH99,TYH99
ESH99,TYH99
ESH99,TYH99
ESH99,TYH99
ESH99,TYH99
ESH99,TYH99
ESH99,TYH99
ESH99,TYH99
ESH99,TYH99
ESH99,TYH99
ESH99,TYH99
ESH99,TYH99
ESH99,TYH99
ESH99,TYH99
ESH99,TYH99
ESH99,TYH99
ESH99,TYH99
ESH99,TYH99
ESH99,TYH99
ESH99,TYH99
ESH99,TYH99
ESH99,TYH99
ESH99,TYH99
ESH99,TYH99
ESH99,TYH99
ESH99,TYH99
ESH99,TYH99
ESH99,TYH99
ESH99,TYH99
ESH99,TYH99
ESH99,TYH99
ESH99,TYH99
ESH99,TYH99
ESH99,TYH99
ESH99,TYH99
ESH99,TYH99
ESH99,TYH99
ESH99,TYH99
ESH99,TYH99
ESH99,TYH99
ESH99,TYH99
ESH99,TYH99
ESH99,TYH99
ESH99,TYH99
ESM99,TYH99
ESM99,TYH99
ESM99,TYM99
ESM99,TYM99
ESM99,TYM99
ESM99,TYM99
ESM99,TYM99
ESM99,TYM99
ESM99,TYM99
ESM99,TYM99
ESM99,TYM99
ESM99,TYM99
ESM99,TYM99
ESM99,TYM99
ESM99,TYM99
ESM99,TYM99
ESM99,TYM99
ESM99,TYM99
ESM99,TYM99
ESM99,TYM99
ESM99,TYM99
ESM99,TYM99
ESM99,TYM99
ESM99,TYM99
ESM99,TYM99
ESM99,TYM99
ESM99,TYM99
ESM99,TYM99
ESM99,TYM99
ESM99,TYM99
ESM99,TYM99
ESM99,TYM99
ESM99,TYM99
ESM99,TYM99
ESM99,TYM99
ESM99,TYM99
ESM99,TYM99
ESM99,TYM99
ESM99,TYM99
ESM99,TYM99
ESM99,TYM99
ESM99,TYM99
ESM99,TYM99
ESM99,TYM99
ESM99,TYM99
ESM99,TYM99
ESM99,TYM99
ESM99,TYM99
ESM99,TYM99
ESM99,TYM99
ESM99,TYM99
ESM99,TYM99
ESM99,TYM99
ESM99,TYM99
ESM99,TYM99
ESM99,TYM99
ESM99,TYM99
ESM99,TYM99
ESM99,TYM99
ESM99,TYM99
ESM99,TYM99
ESM99,TYM99
ESM99,TYM99
ESM99,TYM99
ESU99,TYM99
ESU99,TYU99
ESU99,TYU99
ESU99,TYU99
ESU99,TYU99
ESU99,TYU99
ESU99,TYU99
ESU99,TYU99
ESU99,TYU99
ESU99,TYU99
ESU99,TYU99
ESU99,TYU99
ESU99,TYU99
ESU99,TYU99
ESU99,TYU99
ESU99,TYU99
ESU99,TYU99
ESU99,TYU99
ESU99,TYU99
ESU99,TYU99
ESU99,TYU99
ESU99,TYU99
ESU99,TYU99
ESU99,TYU99
ESU99,TYU99
ESU99,TYU99
ESU99,TYU99
ESU99,TYU99
ESU99,TYU99
ESU99,TYU99
ESU99,TYU99
ESU99,TYU99
ESU99,TYU99
ESU99,TYU99
ESU99,TYU99
ESU99,TYU99
ESU99,TYU99
ESU99,TYU99
ESU99,TYU99
ESU99,TYU99
ESU99,TYU99
ESU99,TYU99
ESU99,TYU99
ESU99,TYU99
ESU99,TYU99
ESU99,TYU99
ESU99,TYU99
ESU99,TYU99
ESU99,TYU99
ESU99,TYU99
ESU99,TYU99
ESU99,TYU99
ESU99,TYU99
ESU99,TYU99
ESU99,TYU99
ESU99,TYU99
ESU99,TYU99
ESU99,TYU99
ESU99,TYU99
ESU99,TYU99
ESU99,TYU99
ESU99,TYU99
ESZ99,TYU99
ESZ99,TYU99
ESZ99,TYZ99
ESZ99,TYZ99
ESZ99,TYZ99
ESZ99,TYZ99
ESZ99,TYZ99
ESZ99,TYZ99
ESZ99,TYZ99
ESZ99,TYZ99
ESZ99,TYZ99
ESZ99,TYZ99
ESZ99,TYZ99
ESZ99,TYZ99
ESZ99,TYZ99
ESZ99,TYZ99
ESZ99,TYZ99
ESZ99,TYZ99
ESZ99,TYZ99
ESZ99,TYZ99
ESZ99,TYZ99
ESZ99,TYZ99
ESZ99,TYZ99
ESZ99,TYZ99
ESZ99,TYZ99
ESZ99,TYZ99
ESZ99,TYZ99
ESZ99,TYZ99
ESZ99,TYZ99
ESZ99,TYZ99
ESZ99,TYZ99
ESZ99,TYZ99
ESZ99,TYZ99
ESZ99,TYZ99
ESZ99,TYZ99
ESZ99,TYZ99
ESZ99,TYZ99
ESZ99,TYZ99
ESZ99,TYZ99
ESZ99,TYZ99
ESZ99,TYZ99
ESZ99,TYZ99
ESZ99,TYZ99
ESZ99,TYZ99
ESZ99,TYZ99
ESZ99,TYZ99
ESZ99,TYZ99
ESZ99,TYZ99
ESZ99,TYZ99
ESZ99,TYZ99
ESZ99,TYZ99
ESZ99,TYZ99
ESZ99,TYZ99
ESZ99,TYZ99
ESZ99,TYZ99
ESZ99,TYZ99
ESZ99,TYZ99
ESZ99,TYZ99
ESZ99,TYZ99
ESZ99,TYZ99
ESH00,TYZ99
ESH00,TYZ99
ESH00,TYH00
ESH00,TYH00
ESH00,TYH00
ESH00,TYH00
ESH00,TYH00
ESH00,TYH00
ESH00,TYH00
ESH00,TYH00
ESH00,TYH00
ESH00,TYH00
ESH00,TYH00
ESH00,TYH00
ESH00,TYH00
ESH00,TYH00
ESH00,TYH00
ESH00,TYH00
ESH00,TYH00
ESH00,TYH00
ESH00,TYH00
ESH00,TYH00
ESH00,TYH00
ESH00,TYH00
ESH00,TYH00
ESH00,TYH00
ESH00,TYH00
ESH00,TYH00
ESH00,TYH00
ESH00,TYH00
ESH00,TYH00
ESH00,TYH00
ESH00,TYH00
ESH00,TYH00
ESH00,TYH00
ESH00,TYH00
ESH00,TYH00
ESH00,TYH00
ESH00,TYH00
ESH00,TYH00
ESH00,TYH00
ESH00,TYH00
ESH00,TYH00
ESH00,TYH00
ESH00,TYH00
ESH00,TYH00
ESH00,TYH00
ESH00,TYH00
ESH00,TYH00
ESH00,TYH00
ESH00,TYH00
ESH00,TYH00
ESH00,TYH00
ESH00,TYH00
ESH00,TYH00
ESH00,TYH00
ESH00,TYH00
ESH00,TYH00
ESH00,TYH00
ESH00,TYH00
ESH00,TYH00
ESM00,TYH00
ESM00,TYH00
ESM00,TYH00
ESM00,TYH00
ESM00,TYM00
ESM00,TYM00
ESM00,TYM00
ESM00,TYM00
ESM00,TYM00
ESM00,TYM00
ESM00,TYM00
ESM00,TYM00
ESM00,TYM00
ESM00,TYM00
ESM00,TYM00
ESM00,TYM00
ESM00,TYM00
ESM00,TYM00
ESM00,TYM00
ESM00,TYM00
ESM00,TYM00
ESM00,TYM00
ESM00,TYM00
ESM00,TYM00
ESM00,TYM00
ESM00,TYM00
ESM00,TYM00
ESM00,TYM00
ESM00,TYM00
ESM00,TYM00
ESM00,TYM00
ESM00,TYM00
ESM00,TYM00
ESM00,TYM00
ESM00,TYM00
ESM00,TYM00
ESM00,TYM00
ESM00,TYM00
ESM00,TYM00
ESM00,TYM00
ESM00,TYM00
ESM00,TYM00
ESM00,TYM00
ESM00,TYM00
ESM00,TYM00
ESM00,TYM00
ESM00,TYM00
ESM00,TYM00
ESM00,TYM00
ESM00,TYM00
ESM00,TYM00
ESM00,TYM00
ESM00,TYM00
ESM00,TYM00
ESM00,TYM00
ESM00,TYM00
ESM00,TYM00
ESM00,TYM00
ESM00,TYM00
ESM00,TYM00
ESM00,TYM00
ESM00,TYM00
ESM00,TYM00
ESU00,TYM00
ESU00,TYM00
ESU00,TYM00
ESU00,TYM00
ESU00,TYU00
ESU00,TYU00
ESU00,TYU00
ESU00,TYU00
ESU00,TYU00
ESU00,TYU00
ESU00,TYU00
ESU00,TYU00
ESU00,TYU00
ESU00,TYU00
ESU00,TYU00
ESU00,TYU00
ESU00,TYU00
ESU00,TYU00
ESU00,TYU00
ESU00,TYU00
ESU00,TYU00
ESU00,TYU00
ESU00,TYU00
ESU00,TYU00
ESU00,TYU00
ESU00,TYU00
ESU00,TYU00
ESU00,TYU00
ESU00,TYU00
ESU00,TYU00
ESU00,TYU00
ESU00,TYU00
ESU00,TYU00
ESU00,TYU00
ESU00,TYU00
ESU00,TYU00
ESU00,TYU00
ESU00,TYU00
ESU00,TYU00
ESU00,TYU00
ESU00,TYU00
ESU00,TYU00
ESU00,TYU00
ESU00,TYU00
ESU00,TYU00
ESU00,TYU00
ESU00,TYU00
ESU00,TYU00
ESU00,TYU00
ESU00,TYU00
ESU00,TYU00
ESU00,TYU00
ESU00,TYU00
ESU00,TYU00
ESU00,TYU00
ESU00,TYU00
ESU00,TYU00
ESU00,TYU00
ESU00,TYU00
ESU00,TYU00
ESU00,TYU00
ESU00,TYU00
ESU00,TYU00
ESZ00,TYU00
ESZ00,TYU00
ESZ00,TYU00
ESZ00,TYZ00
ESZ00,TYZ00
ESZ00,TYZ00
ESZ00,TYZ00
ESZ00,TYZ00
ESZ00,TYZ00
ESZ00,TYZ00
ESZ00,TYZ00
ESZ00,TYZ00
ESZ00,TYZ00
ESZ00,TYZ00
ESZ00,TYZ00
ESZ00,TYZ00
ESZ00,TYZ00
ESZ00,TYZ00
ESZ00,TYZ00
ESZ00,TYZ00
ESZ00,TYZ00
ESZ00,TYZ00
ESZ00,TYZ00
ESZ00,TYZ00
ESZ00,TYZ00
ESZ00,TYZ00
ESZ00,TYZ00
ESZ00,TYZ00
ESZ00,TYZ00
ESZ00,TYZ00
ESZ00,TYZ00
ESZ00,TYZ00
ESZ00,TYZ00
ESZ00,TYZ00
ESZ00,TYZ00
ESZ00,TYZ00
ESZ00,TYZ00
ESZ00,TYZ00
ESZ00,TYZ00
ESZ00,TYZ00
ESZ00,TYZ00
ESZ00,TYZ00
ESZ00,TYZ00
ESZ00,TYZ00
ESZ00,TYZ00
ESZ00,TYZ00
ESZ00,TYZ00
ESZ00,TYZ00
ESZ00,TYZ00
ESZ00,TYZ00
ESZ00,TYZ00
ESZ00,TYZ00
ESZ00,TYZ00
ESZ00,TYZ00
ESZ00,TYZ00
ESZ00,TYZ00
ESZ00,TYZ00
ESZ00,TYZ00
ESZ00,TYZ00
ESZ00,TYZ00
ESZ00,TYZ00
ESZ00,TYZ00
ESH01,TYZ00
ESH01,TYZ00
ESH01,TYZ00
ESH01,TYH01
ESH01,TYH01
ESH01,TYH01
ESH01,TYH01
ESH01,TYH01
ESH01,TYH01
ESH01,TYH01
ESH01,TYH01
ESH01,TYH01
ESH01,TYH01
ESH01,TYH01
ESH01,TYH01
ESH01,TYH01
ESH01,TYH01
ESH01,TYH01
ESH01,TYH01
ESH01,TYH01
ESH01,TYH01
ESH01,TYH01
ESH01,TYH01
ESH01,TYH01
ESH01,TYH01
ESH01,TYH01
ESH01,TYH01
ESH01,TYH01
ESH01,TYH01
ESH01,TYH01
ESH01,TYH01
ESH01,TYH01
ESH01,TYH01
ESH01,TYH01
ESH01,TYH01
ESH01,TYH01
ESH01,TYH01
ESH01,TYH01
ESH01,TYH01
ESH01,TYH01
ESH01,TYH01
ESH01,TYH01
ESH01,TYH01
ESH01,TYH01
ESH01,TYH01
ESH01,TYH01
ESH01,TYH01
ESH01,TYH01
ESH01,TYH01
ESH01,TYH01
ESH01,TYH01
ESH01,TYH01
ESH01,TYH01
ESH01,TYH01
ESH01,TYH01
ESH01,TYH01
ESH01,TYH01
ESH01,TYH01
ESH01,TYH01
ESH01,TYH01
ESH01,TYH01
ESH01,TYH01
ESM01,TYH01
ESM01,TYH01
ESM01,TYH01
ESM01,TYM01
ESM01,TYM01
ESM01,TYM01
ESM01,TYM01
ESM01,TYM01
ESM01,TYM01
ESM01,TYM01
ESM01,TYM01
ESM01,TYM01
ESM01,TYM01
ESM01,TYM01
ESM01,TYM01
ESM01,TYM01
ESM01,TYM01
ESM01,TYM01
ESM01,TYM01
ESM01,TYM01
ESM01,TYM01
ESM01,TYM01
ESM01,TYM01
ESM01,TYM01
ESM01,TYM01
ESM01,TYM01
ESM01,TYM01
ESM01,TYM01
ESM01,TYM01
ESM01,TYM01
ESM01,TYM01
ESM01,TYM01
ESM01,TYM01
ESM01,TYM01
ESM01,TYM01
ESM01,TYM01
ESM01,TYM01
ESM01,TYM01
ESM01,TYM01
ESM01,TYM01
ESM01,TYM01
ESM01,TYM01
ESM01,TYM01
ESM01,TYM01
ESM01,TYM01
ESM01,TYM01
ESM01,TYM01
ESM01,TYM01
ESM01,TYM01
ESM01,TYM01
ESM01,TYM01
ESM01,TYM01
ESM01,TYM01
ESM01,TYM01
ESM01,TYM01
ESM01,TYM01
ESM01,TYM01
ESM01,TYM01
ESM01,TYM01
ESM01,TYM01
ESM01,TYM01
ESM01,TYM01
ESM01,TYM01
ESU01,TYM01
ESU01,TYM01
ESU01,TYM01
ESU01,TYU01
ESU01,TYU01
ESU01,TYU01
ESU01,TYU01
ESU01,TYU01
ESU01,TYU01
ESU01,TYU01
ESU01,TYU01
ESU01,TYU01
ESU01,TYU01
ESU01,TYU01
ESU01,TYU01
ESU01,TYU01
ESU01,TYU01
ESU01,TYU01
ESU01,TYU01
ESU01,TYU01
ESU01,TYU01
ESU01,TYU01
ESU01,TYU01
ESU01,TYU01
ESU01,TYU01
ESU01,TYU01
ESU01,TYU01
ESU01,TYU01
ESU01,TYU01
ESU01,TYU01
ESU01,TYU01
ESU01,TYU01
ESU01,TYU01
ESU01,TYU01
ESU01,TYU01
ESU01,TYU01
ESU01,TYU01
ESU01,TYU01
ESU01,TYU01
ESU01,TYU01
ESU01,TYU01
ESU01,TYU01
ESU01,TYU01
ESU01,TYU01
ESU01,TYU01
ESU01,TYU01
ESU01,TYU01
ESU01,TYU01
ESU01,TYU01
ESU01,TYU01
ESU01,TYU01
ESU01,TYU01
ESU01,TYU01
ESU01,TYU01
ESU01,TYU01
ESU01,TYU01
ESU01,TYU01
ESU01,TYU01
ESU01,TYU01
ESU01,TYU01
ESU01,TYU01
ESU01,TYU01
ESU01,TYU01
ESU01,TYZ01
ESU01,TYZ01
ESZ01,TYZ01
ESZ01,TYZ01
ESZ01,TYZ01
ESZ01,TYZ01
ESZ01,TYZ01
ESZ01,TYZ01
ESZ01,TYZ01
ESZ01,TYZ01
ESZ01,TYZ01
ESZ01,TYZ01
ESZ01,TYZ01
ESZ01,TYZ01
ESZ01,TYZ01
ESZ01,TYZ01
ESZ01,TYZ01
ESZ01,TYZ01
ESZ01,TYZ01
ESZ01,TYZ01
ESZ01,TYZ01
ESZ01,TYZ01
ESZ01,TYZ01
ESZ01,TYZ01
ESZ01,TYZ01
ESZ01,TYZ01
ESZ01,TYZ01
ESZ01,TYZ01
ESZ01,TYZ01
ESZ01,TYZ01
ESZ01,TYZ01
ESZ01,TYZ01
ESZ01,TYZ01
ESZ01,TYZ01
ESZ01,TYZ01
ESZ01,TYZ01
ESZ01,TYZ01
ESZ01,TYZ01
ESZ01,TYZ01
ESZ01,TYZ01
ESZ01,TYZ01
ESZ01,TYZ01
ESZ01,TYZ01
ESZ01,TYZ01
ESZ01,TYZ01
ESZ01,TYZ01
ESZ01,TYZ01
ESZ01,TYZ01
ESZ01,TYZ01
ESZ01,TYZ01
ESZ01,TYZ01
ESZ01,TYZ01
ESZ01,TYZ01
ESZ01,TYZ01
ESZ01,TYZ01
ESZ01,TYZ01
ESZ01,TYZ01
ESZ01,TYZ01
ESZ01,TYZ01
ESZ01,TYZ01
ESZ01,TYZ01
ESZ01,TYZ01
ESZ01,TYH02
ESZ01,TYH02
ESH02,TYH02
ESH02,TYH02
ESH02,TYH02
ESH02,TYH02
ESH02,TYH02
ESH02,TYH02
ESH02,TYH02
ESH02,TYH02
ESH02,TYH02
ESH02,TYH02
ESH02,TYH02
ESH02,TYH02
ESH02,TYH02
ESH02,TYH02
ESH02,TYH02
ESH02,TYH02
ESH02,TYH02
ESH02,TYH02
ESH02,TYH02
ESH02,TYH02
ESH02,TYH02
ESH02,TYH02
ESH02,TYH02
ESH02,TYH02
ESH02,TYH02
ESH02,TYH02
ESH02,TYH02
ESH02,TYH02
ESH02,TYH02
ESH02,TYH02
ESH02,TYH02
ESH02,TYH02
ESH02,TYH02
ESH02,TYH02
ESH02,TYH02
ESH02,TYH02
ESH02,TYH02
ESH02,TYH02
ESH02,TYH02
ESH02,TYH02
ESH02,TYH02
ESH02,TYH02
ESH02,TYH02
ESH02,TYH02
ESH02,TYH02
ESH02,TYH02
ESH02,TYH02
ESH02,TYH02
ESH02,TYH02
ESH02,TYH02
ESH02,TYH02
ESH02,TYH02
ESH02,TYH02
ESH02,TYH02
ESH02,TYH02
ESH02,TYH02
ESM02,TYH02
ESM02,TYM02
ESM02,TYM02
ESM02,TYM02
ESM02,TYM02
ESM02,TYM02
ESM02,TYM02
ESM02,TYM02
ESM02,TYM02
ESM02,TYM02
ESM02,TYM02
ESM02,TYM02
ESM02,TYM02
ESM02,TYM02
ESM02,TYM02
ESM02,TYM02
ESM02,TYM02
ESM02,TYM02
ESM02,TYM02
ESM02,TYM02
ESM02,TYM02
ESM02,TYM02
ESM02,TYM02
ESM02,TYM02
ESM02,TYM02
ESM02,TYM02
ESM02,TYM02
ESM02,TYM02
ESM02,TYM02
ESM02,TYM02
ESM02,TYM02
ESM02,TYM02
ESM02,TYM02
ESM02,TYM02
ESM02,TYM02
ESM02,TYM02
ESM02,TYM02
ESM02,TYM02
ESM02,TYM02
ESM02,TYM02
ESM02,TYM02
ESM02,TYM02
ESM02,TYM02
ESM02,TYM02
ESM02,TYM02
ESM02,TYM02
ESM02,TYM02
ESM02,TYM02
ESM02,TYM02
ESM02,TYM02
ESM02,TYM02
ESM02,TYM02
ESM02,TYM02
ESM02,TYM02
ESM02,TYM02
ESM02,TYM02
ESM02,TYM02
ESM02,TYM02
ESM02,TYM02
ESM02,TYM02
ESM02,TYM02
ESM02,TYM02
ESM02,TYM02
ESM02,TYM02
ESM02,TYM02
ESM02,TYU02
ESM02,TYU02
ESU02,TYU02
ESU02,TYU02
ESU02,TYU02
ESU02,TYU02
ESU02,TYU02
ESU02,TYU02
ESU02,TYU02
ESU02,TYU02
ESU02,TYU02
ESU02,TYU02
ESU02,TYU02
ESU02,TYU02
ESU02,TYU02
ESU02,TYU02
ESU02,TYU02
ESU02,TYU02
ESU02,TYU02
ESU02,TYU02
ESU02,TYU02
ESU02,TYU02
ESU02,TYU02
ESU02,TYU02
ESU02,TYU02
ESU02,TYU02
ESU02,TYU02
ESU02,TYU02
ESU02,TYU02
ESU02,TYU02
ESU02,TYU02
ESU02,TYU02
ESU02,TYU02
ESU02,TYU02
ESU02,TYU02
ESU02,TYU02
ESU02,TYU02
ESU02,TYU02
ESU02,TYU02
ESU02,TYU02
ESU02,TYU02
ESU02,TYU02
ESU02,TYU02
ESU02,TYU02
ESU02,TYU02
ESU02,TYU02
ESU02,TYU02
ESU02,TYU02
ESU02,TYU02
ESU02,TYU02
ESU02,TYU02
ESU02,TYU02
ESU02,TYU02
ESU02,TYU02
ESU02,TYU02
ESU02,TYU02
ESU02,TYU02
ESU02,TYU02
ESU02,TYU02
ESU02,TYU02
ESU02,TYU02
ESU02,TYU02
ESU02,TYU02
ESU02,TYU02
ESU02,TYZ02
ESZ02,TYZ02
ESZ02,TYZ02
ESZ02,TYZ02
ESZ02,TYZ02
ESZ02,TYZ02
ESZ02,TYZ02
ESZ02,TYZ02
ESZ02,TYZ02
ESZ02,TYZ02
ESZ02,TYZ02
ESZ02,TYZ02
ESZ02,TYZ02
ESZ02,TYZ02
ESZ02,TYZ02
ESZ02,TYZ02
ESZ02,TYZ02
ESZ02,TYZ02
ESZ02,TYZ02
ESZ02,TYZ02
ESZ02,TYZ02
ESZ02,TYZ02
ESZ02,TYZ02
ESZ02,TYZ02
ESZ02,TYZ02
ESZ02,TYZ02
ESZ02,TYZ02
ESZ02,TYZ02
ESZ02,TYZ02
ESZ02,TYZ02
ESZ02,TYZ02
ESZ02,TYZ02
ESZ02,TYZ02
ESZ02,TYZ02
ESZ02,TYZ02
ESZ02,TYZ02
ESZ02,TYZ02
ESZ02,TYZ02
ESZ02,TYZ02
ESZ02,TYZ02
ESZ02,TYZ02
ESZ02,TYZ02
ESZ02,TYZ02
ESZ02,TYZ02
ESZ02,TYZ02
ESZ02,TYZ02
ESZ02,TYZ02
ESZ02,TYZ02
ESZ02,TYZ02
ESZ02,TYZ02
ESZ02,TYZ02
ESZ02,TYZ02
ESZ02,TYZ02
ESZ02,TYZ02
ESZ02,TYZ02
ESZ02,TYZ02
ESZ02,TYZ02
ESZ02,TYZ02
ESZ02,TYZ02
ESZ02,TYZ02
ESZ02,TYZ02
ESZ02,TYZ02
ESZ02,TYH03
ESH03,TYH03
ESH03,TYH03
ESH03,TYH03
ESH03,TYH03
ESH03,TYH03
ESH03,TYH03
ESH03,TYH03
ESH03,TYH03
ESH03,TYH03
ESH03,TYH03
ESH03,TYH03
ESH03,TYH03
ESH03,TYH03
ESH03,TYH03
ESH03,TYH03
ESH03,TYH03
ESH03,TYH03
ESH03,TYH03
ESH03,TYH03
ESH03,TYH03
ESH03,TYH03
ESH03,TYH03
ESH03,TYH03
ESH03,TYH03
ESH03,TYH03
ESH03,TYH03
ESH03,TYH03
ESH03,TYH03
ESH03,TYH03
ESH03,TYH03
ESH03,TYH03
ESH03,TYH03
ESH03,TYH03
ESH03,TYH03
ESH03,TYH03
ESH03,TYH03
ESH03,TYH03
ESH03,TYH03
ESH03,TYH03
ESH03,TYH03
ESH03,TYH03
ESH03,TYH03
ESH03,TYH03
ESH03,TYH03
ESH03,TYH03
ESH03,TYH03
ESH03,TYH03
ESH03,TYH03
ESH03,TYH03
ESH03,TYH03
ESH03,TYH03
ESH03,TYH03
ESH03,TYH03
ESH03,TYH03
ESH03,TYH03
ESH03,TYH03
ESH03,TYH03
ESH03,TYH03
ESH03,TYH03
ESH03,TYH03
ESH03,TYM03
ESM03,TYM03
ESM03,TYM03
ESM03,TYM03
ESM03,TYM03
ESM03,TYM03
ESM03,TYM03
ESM03,TYM03
ESM03,TYM03
ESM03,TYM03
ESM03,TYM03
ESM03,TYM03
ESM03,TYM03
ESM03,TYM03
ESM03,TYM03
ESM03,TYM03
ESM03,TYM03
ESM03,TYM03
ESM03,TYM03
ESM03,TYM03
ESM03,TYM03
ESM03,TYM03
ESM03,TYM03
ESM03,TYM03
ESM03,TYM03
ESM03,TYM03
ESM03,TYM03
ESM03,TYM03
ESM03,TYM03
ESM03,TYM03
ESM03,TYM03
ESM03,TYM03
ESM03,TYM03
ESM03,TYM03
ESM03,TYM03
ESM03,TYM03
ESM03,TYM03
ESM03,TYM03
ESM03,TYM03
ESM03,TYM03
ESM03,TYM03
ESM03,TYM03
ESM03,TYM03
ESM03,TYM03
ESM03,TYM03
ESM03,TYM03
ESM03,TYM03
ESM03,TYM03
ESM03,TYM03
ESM03,TYM03
ESM03,TYM03
ESM03,TYM03
ESM03,TYM03
ESM03,TYM03
ESM03,TYM03
ESM03,TYM03
ESM03,TYM03
ESM03,TYM03
ESM03,TYM03
ESM03,TYM03
ESM03,TYM03
ESM03,TYM03
ESM03,TYM03
ESM03,TYU03
ESU03,TYU03
ESU03,TYU03
ESU03,TYU03
ESU03,TYU03
ESU03,TYU03
ESU03,TYU03
ESU03,TYU03
ESU03,TYU03
ESU03,TYU03
ESU03,TYU03
ESU03,TYU03
ESU03,TYU03
ESU03,TYU03
ESU03,TYU03
ESU03,TYU03
ESU03,TYU03
ESU03,TYU03
ESU03,TYU03
ESU03,TYU03
ESU03,TYU03
ESU03,TYU03
ESU03,TYU03
ESU03,TYU03
ESU03,TYU03
ESU03,TYU03
ESU03,TYU03
ESU03,TYU03
ESU03,TYU03
ESU03,TYU03
ESU03,TYU03
ESU03,TYU03
ESU03,TYU03
ESU03,TYU03
ESU03,TYU03
ESU03,TYU03
ESU03,TYU03
ESU03,TYU03
ESU03,TYU03
ESU03,TYU03
ESU03,TYU03
ESU03,TYU03
ESU03,TYU03
ESU03,TYU03
ESU03,TYU03
ESU03,TYU03
ESU03,TYU03
ESU03,TYU03
ESU03,TYU03
ESU03,TYU03
ESU03,TYU03
ESU03,TYU03
ESU03,TYU03
ESU03,TYU03
ESU03,TYU03
ESU03,TYU03
ESU03,TYU03
ESU03,TYU03
ESU03,TYU03
ESU03,TYU03
ESU03,TYU03
ESU03,TYU03
ESU03,TYU03
ESU03,TYU03
ESZ03,TYZ03
ESZ03,TYZ03
ESZ03,TYZ03
ESZ03,TYZ03
ESZ03,TYZ03
ESZ03,TYZ03
ESZ03,TYZ03
ESZ03,TYZ03
ESZ03,TYZ03
ESZ03,TYZ03
ESZ03,TYZ03
ESZ03,TYZ03
ESZ03,TYZ03
ESZ03,TYZ03
ESZ03,TYZ03
ESZ03,TYZ03
ESZ03,TYZ03
ESZ03,TYZ03
ESZ03,TYZ03
ESZ03,TYZ03
ESZ03,TYZ03
ESZ03,TYZ03
ESZ03,TYZ03
ESZ03,TYZ03
ESZ03,TYZ03
ESZ03,TYZ03
ESZ03,TYZ03
ESZ03,TYZ03
ESZ03,TYZ03
ESZ03,TYZ03
ESZ03,TYZ03
ESZ03,TYZ03
ESZ03,TYZ03
ESZ03,TYZ03
ESZ03,TYZ03
ESZ03,TYZ03
ESZ03,TYZ03
ESZ03,TYZ03
ESZ03,TYZ03
ESZ03,TYZ03
ESZ03,TYZ03
ESZ03,TYZ03
ESZ03,TYZ03
ESZ03,TYZ03
ESZ03,TYZ03
ESZ03,TYZ03
ESZ03,TYZ03
ESZ03,TYZ03
ESZ03,TYZ03
ESZ03,TYZ03
ESZ03,TYZ03
ESZ03,TYZ03
ESZ03,TYZ03
ESZ03,TYZ03
ESZ03,TYZ03
ESZ03,TYZ03
ESZ03,TYZ03
ESZ03,TYZ03
ESZ03,TYZ03
ESZ03,TYZ03
ESZ03,TYZ03
ESZ03,TYZ03
ESH04,TYH04
ESH04,TYH04
ESH04,TYH04
ESH04,TYH04
ESH04,TYH04
ESH04,TYH04
ESH04,TYH04
ESH04,TYH04
ESH04,TYH04
ESH04,TYH04
ESH04,TYH04
ESH04,TYH04
ESH04,TYH04
ESH04,TYH04
ESH04,TYH04
ESH04,TYH04
ESH04,TYH04
ESH04,TYH04
ESH04,TYH04
ESH04,TYH04
ESH04,TYH04
ESH04,TYH04
ESH04,TYH04
ESH04,TYH04
ESH04,TYH04
ESH04,TYH04
ESH04,TYH04
ESH04,TYH04
ESH04,TYH04
ESH04,TYH04
ESH04,TYH04
ESH04,TYH04
ESH04,TYH04
ESH04,TYH04
ESH04,TYH04
ESH04,TYH04
ESH04,TYH04
ESH04,TYH04
ESH04,TYH04
ESH04,TYH04
ESH04,TYH04
ESH04,TYH04
ESH04,TYH04
ESH04,TYH04
ESH04,TYH04
ESH04,TYH04
ESH04,TYH04
ESH04,TYH04
ESH04,TYH04
ESH04,TYH04
ESH04,TYH04
ESH04,TYH04
ESH04,TYH04
ESH04,TYH04
ESH04,TYH04
ESH04,TYH04
ESH04,TYH04
ESH04,TYH04
ESH04,TYH04
ESH04,TYH04
ESH04,TYH04
ESM04,TYH04
ESM04,TYM04
ESM04,TYM04
ESM04,TYM04
ESM04,TYM04
ESM04,TYM04
ESM04,TYM04
ESM04,TYM04
ESM04,TYM04
ESM04,TYM04
ESM04,TYM04
ESM04,TYM04
ESM04,TYM04
ESM04,TYM04
ESM04,TYM04
ESM04,TYM04
ESM04,TYM04
ESM04,TYM04
ESM04,TYM04
ESM04,TYM04
ESM04,TYM04
ESM04,TYM04
ESM04,TYM04
ESM04,TYM04
ESM04,TYM04
ESM04,TYM04
ESM04,TYM04
ESM04,TYM04
ESM04,TYM04
ESM04,TYM04
ESM04,TYM04
ESM04,TYM04
ESM04,TYM04
ESM04,TYM04
ESM04,TYM04
ESM04,TYM04
ESM04,TYM04
ESM04,TYM04
ESM04,TYM04
ESM04,TYM04
ESM04,TYM04
ESM04,TYM04
ESM04,TYM04
ESM04,TYM04
ESM04,TYM04
ESM04,TYM04
ESM04,TYM04
ESM04,TYM04
ESM04,TYM04
ESM04,TYM04
ESM04,TYM04
ESM04,TYM04
ESM04,TYM04
ESM04,TYM04
ESM04,TYM04
ESM04,TYM04
ESM04,TYM04
ESM04,TYM04
ESM04,TYM04
ESM04,TYM04
ESM04,TYM04
ESM04,TYM04
ESM04,TYM04
ESU04,TYM04
ESU04,TYU04
ESU04,TYU04
ESU04,TYU04
ESU04,TYU04
ESU04,TYU04
ESU04,TYU04
ESU04,TYU04
ESU04,TYU04
ESU04,TYU04
ESU04,TYU04
ESU04,TYU04
ESU04,TYU04
ESU04,TYU04
ESU04,TYU04
ESU04,TYU04
ESU04,TYU04
ESU04,TYU04
ESU04,TYU04
ESU04,TYU04
ESU04,TYU04
ESU04,TYU04
ESU04,TYU04
ESU04,TYU04
ESU04,TYU04
ESU04,TYU04
ESU04,TYU04
ESU04,TYU04
ESU04,TYU04
ESU04,TYU04
ESU04,TYU04
ESU04,TYU04
ESU04,TYU04
ESU04,TYU04
ESU04,TYU04
ESU04,TYU04
ESU04,TYU04
ESU04,TYU04
ESU04,TYU04
ESU04,TYU04
ESU04,TYU04
ESU04,TYU04
ESU04,TYU04
ESU04,TYU04
ESU04,TYU04
ESU04,TYU04
ESU04,TYU04
ESU04,TYU04
ESU04,TYU04
ESU04,TYU04
ESU04,TYU04
ESU04,TYU04
ESU04,TYU04
ESU04,TYU04
ESU04,TYU04
ESU04,TYU04
ESU04,TYU04
ESU04,TYU04
ESU04,TYU04
ESU04,TYU04
ESU04,TYU04
ESU04,TYU04
ESU04,TYU04
ESZ04,TYU04
ESZ04,TYU04
ESZ04,TYZ04
ESZ04,TYZ04
ESZ04,TYZ04
ESZ04,TYZ04
ESZ04,TYZ04
ESZ04,TYZ04
ESZ04,TYZ04
ESZ04,TYZ04
ESZ04,TYZ04
ESZ04,TYZ04
ESZ04,TYZ04
ESZ04,TYZ04
ESZ04,TYZ04
ESZ04,TYZ04
ESZ04,TYZ04
ESZ04,TYZ04
ESZ04,TYZ04
ESZ04,TYZ04
ESZ04,TYZ04
ESZ04,TYZ04
ESZ04,TYZ04
ESZ04,TYZ04
ESZ04,TYZ04
ESZ04,TYZ04
ESZ04,TYZ04
ESZ04,TYZ04
ESZ04,TYZ04
ESZ04,TYZ04
ESZ04,TYZ04
ESZ04,TYZ04
ESZ04,TYZ04
ESZ04,TYZ04
ESZ04,TYZ04
ESZ04,TYZ04
ESZ04,TYZ04
ESZ04,TYZ04
ESZ04,TYZ04
ESZ04,TYZ04
ESZ04,TYZ04
ESZ04,TYZ04
ESZ04,TYZ04
ESZ04,TYZ04
ESZ04,TYZ04
ESZ04,TYZ04
ESZ04,TYZ04
ESZ04,TYZ04
ESZ04,TYZ04
ESZ04,TYZ04
ESZ04,TYZ04
ESZ04,TYZ04
ESZ04,TYZ04
ESZ04,TYZ04
ESZ04,TYZ04
ESZ04,TYZ04
ESZ04,TYZ04
ESZ04,TYZ04
ESZ04,TYZ04
ESZ04,TYZ04
ESZ04,TYZ04
ESZ04,TYZ04
ESH05,TYZ04
ESH05,TYH05
ESH05,TYH05
ESH05,TYH05
ESH05,TYH05
ESH05,TYH05
ESH05,TYH05
ESH05,TYH05
ESH05,TYH05
ESH05,TYH05
ESH05,TYH05
ESH05,TYH05
ESH05,TYH05
ESH05,TYH05
ESH05,TYH05
ESH05,TYH05
ESH05,TYH05
ESH05,TYH05
ESH05,TYH05
ESH05,TYH05
ESH05,TYH05
ESH05,TYH05
ESH05,TYH05
ESH05,TYH05
ESH05,TYH05
ESH05,TYH05
ESH05,TYH05
ESH05,TYH05
ESH05,TYH05
ESH05,TYH05
ESH05,TYH05
ESH05,TYH05
ESH05,TYH05
ESH05,TYH05
ESH05,TYH05
ESH05,TYH05
ESH05,TYH05
ESH05,TYH05
ESH05,TYH05
ESH05,TYH05
ESH05,TYH05
ESH05,TYH05
ESH05,TYH05
ESH05,TYH05
ESH05,TYH05
ESH05,TYH05
ESH05,TYH05
ESH05,TYH05
ESH05,TYH05
ESH05,TYH05
ESH05,TYH05
ESH05,TYH05
ESH05,TYH05
ESH05,TYH05
ESH05,TYH05
ESH05,TYH05
ESH05,TYH05
ESH05,TYH05
ESH05,TYH05
ESH05,TYH05
ESH05,TYH05
ESH05,TYH05
ESM05,TYH05
ESM05,TYM05
ESM05,TYM05
ESM05,TYM05
ESM05,TYM05
ESM05,TYM05
ESM05,TYM05
ESM05,TYM05
ESM05,TYM05
ESM05,TYM05
ESM05,TYM05
ESM05,TYM05
ESM05,TYM05
ESM05,TYM05
ESM05,TYM05
ESM05,TYM05
ESM05,TYM05
ESM05,TYM05
ESM05,TYM05
ESM05,TYM05
ESM05,TYM05
ESM05,TYM05
ESM05,TYM05
ESM05,TYM05
ESM05,TYM05
ESM05,TYM05
ESM05,TYM05
ESM05,TYM05
ESM05,TYM05
ESM05,TYM05
ESM05,TYM05
ESM05,TYM05
ESM05,TYM05
ESM05,TYM05
ESM05,TYM05
ESM05,TYM05
ESM05,TYM05
ESM05,TYM05
ESM05,TYM05
ESM05,TYM05
ESM05,TYM05
ESM05,TYM05
ESM05,TYM05
ESM05,TYM05
ESM05,TYM05
ESM05,TYM05
ESM05,TYM05
ESM05,TYM05
ESM05,TYM05
ESM05,TYM05
ESM05,TYM05
ESM05,TYM05
ESM05,TYM05
ESM05,TYM05
ESM05,TYM05
ESM05,TYM05
ESM05,TYM05
ESM05,TYM05
ESM05,TYM05
ESM05,TYM05
ESM05,TYM05
ESM05,TYM05
ESM05,TYM05
ESU05,TYM05
ESU05,TYM05
ESU05,TYU05
ESU05,TYU05
ESU05,TYU05
ESU05,TYU05
ESU05,TYU05
ESU05,TYU05
ESU05,TYU05
ESU05,TYU05
ESU05,TYU05
ESU05,TYU05
ESU05,TYU05
ESU05,TYU05
ESU05,TYU05
ESU05,TYU05
ESU05,TYU05
ESU05,TYU05
ESU05,TYU05
ESU05,TYU05
ESU05,TYU05
ESU05,TYU05
ESU05,TYU05
ESU05,TYU05
ESU05,TYU05
ESU05,TYU05
ESU05,TYU05
ESU05,TYU05
ESU05,TYU05
ESU05,TYU05
ESU05,TYU05
ESU05,TYU05
ESU05,TYU05
ESU05,TYU05
ESU05,TYU05
ESU05,TYU05
ESU05,TYU05
ESU05,TYU05
ESU05,TYU05
ESU05,TYU05
ESU05,TYU05
ESU05,TYU05
ESU05,TYU05
ESU05,TYU05
ESU05,TYU05
ESU05,TYU05
ESU05,TYU05
ESU05,TYU05
ESU05,TYU05
ESU05,TYU05
ESU05,TYU05
ESU05,TYU05
ESU05,TYU05
ESU05,TYU05
ESU05,TYU05
ESU05,TYU05
ESU05,TYU05
ESU05,TYU05
ESU05,TYU05
ESU05,TYU05
ESU05,TYU05
ESU05,TYU05
ESU05,TYU05
ESZ05,TYU05
ESZ05,TYU05
ESZ05,TYU05
ESZ05,TYZ05
ESZ05,TYZ05
ESZ05,TYZ05
ESZ05,TYZ05
ESZ05,TYZ05
ESZ05,TYZ05
ESZ05,TYZ05
ESZ05,TYZ05
ESZ05,TYZ05
ESZ05,TYZ05
ESZ05,TYZ05
ESZ05,TYZ05
ESZ05,TYZ05
ESZ05,TYZ05
ESZ05,TYZ05
ESZ05,TYZ05
ESZ05,TYZ05
ESZ05,TYZ05
ESZ05,TYZ05
ESZ05,TYZ05
ESZ05,TYZ05
ESZ05,TYZ05
ESZ05,TYZ05
ESZ05,TYZ05
ESZ05,TYZ05
ESZ05,TYZ05
ESZ05,TYZ05
ESZ05,TYZ05
ESZ05,TYZ05
ESZ05,TYZ05
ESZ05,TYZ05
ESZ05,TYZ05
ESZ05,TYZ05
ESZ05,TYZ05
ESZ05,TYZ05
ESZ05,TYZ05
ESZ05,TYZ05
ESZ05,TYZ05
ESZ05,TYZ05
ESZ05,TYZ05
ESZ05,TYZ05
ESZ05,TYZ05
ESZ05,TYZ05
ESZ05,TYZ05
ESZ05,TYZ05
ESZ05,TYZ05
ESZ05,TYZ05
ESZ05,TYZ05
ESZ05,TYZ05
ESZ05,TYZ05
ESZ05,TYZ05
ESZ05,TYZ05
ESZ05,TYZ05
ESZ05,TYZ05
ESZ05,TYZ05
ESZ05,TYZ05
ESZ05,TYZ05
ESZ05,TYZ05
ESZ05,TYZ05
ESH06,TYZ05
ESH06,TYZ05
ESH06,TYH06
ESH06,TYH06
ESH06,TYH06
ESH06,TYH06
ESH06,TYH06
ESH06,TYH06
ESH06,TYH06
ESH06,TYH06
ESH06,TYH06
ESH06,TYH06
ESH06,TYH06
ESH06,TYH06
ESH06,TYH06
ESH06,TYH06
ESH06,TYH06
ESH06,TYH06
ESH06,TYH06
ESH06,TYH06
ESH06,TYH06
ESH06,TYH06
ESH06,TYH06
ESH06,TYH06
ESH06,TYH06
ESH06,TYH06
ESH06,TYH06
ESH06,TYH06
ESH06,TYH06
ESH06,TYH06
ESH06,TYH06
ESH06,TYH06
ESH06,TYH06
ESH06,TYH06
ESH06,TYH06
ESH06,TYH06
ESH06,TYH06
ESH06,TYH06
ESH06,TYH06
ESH06,TYH06
ESH06,TYH06
ESH06,TYH06
ESH06,TYH06
ESH06,TYH06
ESH06,TYH06
ESH06,TYH06
ESH06,TYH06
ESH06,TYH06
ESH06,TYH06
ESH06,TYH06
ESH06,TYH06
ESH06,TYH06
ESH06,TYH06
ESH06,TYH06
ESH06,TYH06
ESH06,TYH06
ESH06,TYH06
ESH06,TYH06
ESH06,TYH06
ESH06,TYH06
ESH06,TYH06
ESM06,TYH06
ESM06,TYH06
ESM06,TYH06
ESM06,TYM06
ESM06,TYM06
ESM06,TYM06
ESM06,TYM06
ESM06,TYM06
ESM06,TYM06
ESM06,TYM06
ESM06,TYM06
ESM06,TYM06
ESM06,TYM06
ESM06,TYM06
ESM06,TYM06
ESM06,TYM06
ESM06,TYM06
ESM06,TYM06
ESM06,TYM06
ESM06,TYM06
ESM06,TYM06
ESM06,TYM06
ESM06,TYM06
ESM06,TYM06
ESM06,TYM06
ESM06,TYM06
ESM06,TYM06
ESM06,TYM06
ESM06,TYM06
ESM06,TYM06
ESM06,TYM06
ESM06,TYM06
ESM06,TYM06
ESM06,TYM06
ESM06,TYM06
ESM06,TYM06
ESM06,TYM06
ESM06,TYM06
ESM06,TYM06
ESM06,TYM06
ESM06,TYM06
ESM06,TYM06
ESM06,TYM06
ESM06,TYM06
ESM06,TYM06
ESM06,TYM06
ESM06,TYM06
ESM06,TYM06
ESM06,TYM06
ESM06,TYM06
ESM06,TYM06
ESM06,TYM06
ESM06,TYM06
ESM06,TYM06
ESM06,TYM06
ESM06,TYM06
ESM06,TYM06
ESM06,TYM06
ESM06,TYM06
ESM06,TYM06
ESM06,TYM06
ESM06,TYM06
ESM06,TYM06
ESU06,TYM06
ESU06,TYM06
ESU06,TYM06
ESU06,TYU06
ESU06,TYU06
ESU06,TYU06
ESU06,TYU06
ESU06,TYU06
ESU06,TYU06
ESU06,TYU06
ESU06,TYU06
ESU06,TYU06
ESU06,TYU06
ESU06,TYU06
ESU06,TYU06
ESU06,TYU06
ESU06,TYU06
ESU06,TYU06
ESU06,TYU06
ESU06,TYU06
ESU06,TYU06
ESU06,TYU06
ESU06,TYU06
ESU06,TYU06
ESU06,TYU06
ESU06,TYU06
ESU06,TYU06
ESU06,TYU06
ESU06,TYU06
ESU06,TYU06
ESU06,TYU06
ESU06,TYU06
ESU06,TYU06
ESU06,TYU06
ESU06,TYU06
ESU06,TYU06
ESU06,TYU06
ESU06,TYU06
ESU06,TYU06
ESU06,TYU06
ESU06,TYU06
ESU06,TYU06
ESU06,TYU06
ESU06,TYU06
ESU06,TYU06
ESU06,TYU06
ESU06,TYU06
ESU06,TYU06
ESU06,TYU06
ESU06,TYU06
ESU06,TYU06
ESU06,TYU06
ESU06,TYU06
ESU06,TYU06
ESU06,TYU06
ESU06,TYU06
ESU06,TYU06
ESU06,TYU06
ESU06,TYU06
ESU06,TYU06
ESU06,TYU06
ESU06,TYU06
ESU06,TYU06
ESZ06,TYU06
ESZ06,TYU06
ESZ06,TYU06
ESZ06,TYZ06
ESZ06,TYZ06
ESZ06,TYZ06
ESZ06,TYZ06
ESZ06,TYZ06
ESZ06,TYZ06
ESZ06,TYZ06
ESZ06,TYZ06
ESZ06,TYZ06
ESZ06,TYZ06
ESZ06,TYZ06
ESZ06,TYZ06
ESZ06,TYZ06
ESZ06,TYZ06
ESZ06,TYZ06
ESZ06,TYZ06
ESZ06,TYZ06
ESZ06,TYZ06
ESZ06,TYZ06
ESZ06,TYZ06
ESZ06,TYZ06
ESZ06,TYZ06
ESZ06,TYZ06
ESZ06,TYZ06
ESZ06,TYZ06
ESZ06,TYZ06
ESZ06,TYZ06
ESZ06,TYZ06
ESZ06,TYZ06
ESZ06,TYZ06
ESZ06,TYZ06
ESZ06,TYZ06
ESZ06,TYZ06
ESZ06,TYZ06
ESZ06,TYZ06
ESZ06,TYZ06
ESZ06,TYZ06
ESZ06,TYZ06
ESZ06,TYZ06
ESZ06,TYZ06
ESZ06,TYZ06
ESZ06,TYZ06
ESZ06,TYZ06
ESZ06,TYZ06
ESZ06,TYZ06
ESZ06,TYZ06
ESZ06,TYZ06
ESZ06,TYZ06
ESZ06,TYZ06
ESZ06,TYZ06
ESZ06,TYZ06
ESZ06,TYZ06
ESZ06,TYZ06
ESZ06,TYZ06
ESZ06,TYZ06
ESZ06,TYZ06
ESZ06,TYZ06
ESZ06,TYZ06
ESZ06,TYZ06
ESZ06,TYZ06
ESH07,TYZ06
ESH07,TYZ06
ESH07,TYH07
ESH07,TYH07
ESH07,TYH07
ESH07,TYH07
ESH07,TYH07
ESH07,TYH07
ESH07,TYH07
ESH07,TYH07
ESH07,TYH07
ESH07,TYH07
ESH07,TYH07
ESH07,TYH07
ESH07,TYH07
ESH07,TYH07
ESH07,TYH07
ESH07,TYH07
ESH07,TYH07
ESH07,TYH07
ESH07,TYH07
ESH07,TYH07
ESH07,TYH07
ESH07,TYH07
ESH07,TYH07
ESH07,TYH07
ESH07,TYH07
ESH07,TYH07
ESH07,TYH07
ESH07,TYH07
ESH07,TYH07
ESH07,TYH07
ESH07,TYH07
ESH07,TYH07
ESH07,TYH07
ESH07,TYH07
ESH07,TYH07
ESH07,TYH07
ESH07,TYH07
ESH07,TYH07
ESH07,TYH07
ESH07,TYH07
ESH07,TYH07
ESH07,TYH07
ESH07,TYH07
ESH07,TYH07
ESH07,TYH07
ESH07,TYH07
ESH07,TYH07
ESH07,TYH07
ESH07,TYH07
ESH07,TYH07
ESH07,TYH07
ESH07,TYH07
ESH07,TYH07
ESH07,TYH07
ESH07,TYH07
ESH07,TYH07
ESH07,TYH07
ESH07,TYH07
ESH07,TYH07
ESM07,TYH07
ESM07,TYH07
ESM07,TYH07
ESM07,TYM07
ESM07,TYM07
ESM07,TYM07
ESM07,TYM07
ESM07,TYM07
ESM07,TYM07
ESM07,TYM07
ESM07,TYM07
ESM07,TYM07
ESM07,TYM07
ESM07,TYM07
ESM07,TYM07
ESM07,TYM07
ESM07,TYM07
ESM07,TYM07
ESM07,TYM07
ESM07,TYM07
ESM07,TYM07
ESM07,TYM07
ESM07,TYM07
ESM07,TYM07
ESM07,TYM07
ESM07,TYM07
ESM07,TYM07
ESM07,TYM07
ESM07,TYM07
ESM07,TYM07
ESM07,TYM07
ESM07,TYM07
ESM07,TYM07
ESM07,TYM07
ESM07,TYM07
ESM07,TYM07
ESM07,TYM07
ESM07,TYM07
ESM07,TYM07
ESM07,TYM07
ESM07,TYM07
ESM07,TYM07
ESM07,TYM07
ESM07,TYM07
ESM07,TYM07
ESM07,TYM07
ESM07,TYM07
ESM07,TYM07
ESM07,TYM07
ESM07,TYM07
ESM07,TYM07
ESM07,TYM07
ESM07,TYM07
ESM07,TYM07
ESM07,TYM07
ESM07,TYM07
ESM07,TYM07
ESM07,TYM07
ESM07,TYM07
ESM07,TYM07
ESM07,TYM07
ESM07,TYM07
ESM07,TYM07
ESM07,TYM07
ESU07,TYM07
ESU07,TYM07
ESU07,TYM07
ESU07,TYU07
ESU07,TYU07
ESU07,TYU07
ESU07,TYU07
ESU07,TYU07
ESU07,TYU07
ESU07,TYU07
ESU07,TYU07
ESU07,TYU07
ESU07,TYU07
ESU07,TYU07
ESU07,TYU07
ESU07,TYU07
ESU07,TYU07
ESU07,TYU07
ESU07,TYU07
ESU07,TYU07
ESU07,TYU07
ESU07,TYU07
ESU07,TYU07
ESU07,TYU07
ESU07,TYU07
ESU07,TYU07
ESU07,TYU07
ESU07,TYU07
ESU07,TYU07
ESU07,TYU07
ESU07,TYU07
ESU07,TYU07
ESU07,TYU07
ESU07,TYU07
ESU07,TYU07
ESU07,TYU07
ESU07,TYU07
ESU07,TYU07
ESU07,TYU07
ESU07,TYU07
ESU07,TYU07
ESU07,TYU07
ESU07,TYU07
ESU07,TYU07
ESU07,TYU07
ESU07,TYU07
ESU07,TYU07
ESU07,TYU07
ESU07,TYU07
ESU07,TYU07
ESU07,TYU07
ESU07,TYU07
ESU07,TYU07
ESU07,TYU07
ESU07,TYU07
ESU07,TYU07
ESU07,TYU07
ESU07,TYU07
ESU07,TYU07
ESU07,TYU07
ESU07,TYU07
ESU07,TYU07
ESU07,TYU07
ESU07,TYU07
ESU07,TYU07
ESU07,TYU07
ESU07,TYZ07
ESU07,TYZ07
ESZ07,TYZ07
ESZ07,TYZ07
ESZ07,TYZ07
ESZ07,TYZ07
ESZ07,TYZ07
ESZ07,TYZ07
ESZ07,TYZ07
ESZ07,TYZ07
ESZ07,TYZ07
ESZ07,TYZ07
ESZ07,TYZ07
ESZ07,TYZ07
ESZ07,TYZ07
ESZ07,TYZ07
ESZ07,TYZ07
ESZ07,TYZ07
ESZ07,TYZ07
ESZ07,TYZ07
ESZ07,TYZ07
ESZ07,TYZ07
ESZ07,TYZ07
ESZ07,TYZ07
ESZ07,TYZ07
ESZ07,TYZ07
ESZ07,TYZ07
ESZ07,TYZ07
ESZ07,TYZ07
ESZ07,TYZ07
ESZ07,TYZ07
ESZ07,TYZ07
ESZ07,TYZ07
ESZ07,TYZ07
ESZ07,TYZ07
ESZ07,TYZ07
ESZ07,TYZ07
ESZ07,TYZ07
ESZ07,TYZ07
ESZ07,TYZ07
ESZ07,TYZ07
ESZ07,TYZ07
ESZ07,TYZ07
ESZ07,TYZ07
ESZ07,TYZ07
ESZ07,TYZ07
ESZ07,TYZ07
ESZ07,TYZ07
ESZ07,TYZ07
ESZ07,TYZ07
ESZ07,TYZ07
ESZ07,TYZ07
ESZ07,TYZ07
ESZ07,TYZ07
ESZ07,TYZ07
ESZ07,TYZ07
ESZ07,TYZ07
ESZ07,TYZ07
ESZ07,TYZ07
ESZ07,TYZ07
ESZ07,TYZ07
ESZ07,TYZ07
ESZ07,TYH08
ESZ07,TYH08
ESH08,TYH08
ESH08,TYH08
ESH08,TYH08
ESH08,TYH08
ESH08,TYH08
ESH08,TYH08
ESH08,TYH08
ESH08,TYH08
ESH08,TYH08
ESH08,TYH08
ESH08,TYH08
ESH08,TYH08
ESH08,TYH08
ESH08,TYH08
ESH08,TYH08
ESH08,TYH08
ESH08,TYH08
ESH08,TYH08
ESH08,TYH08
ESH08,TYH08
ESH08,TYH08
ESH08,TYH08
ESH08,TYH08
ESH08,TYH08
ESH08,TYH08
ESH08,TYH08
ESH08,TYH08
ESH08,TYH08
ESH08,TYH08
ESH08,TYH08
ESH08,TYH08
ESH08,TYH08
ESH08,TYH08
ESH08,TYH08
ESH08,TYH08
ESH08,TYH08
ESH08,TYH08
ESH08,TYH08
ESH08,TYH08
ESH08,TYH08
ESH08,TYH08
ESH08,TYH08
ESH08,TYH08
ESH08,TYH08
ESH08,TYH08
ESH08,TYH08
ESH08,TYH08
ESH08,TYH08
ESH08,TYH08
ESH08,TYH08
ESH08,TYH08
ESH08,TYH08
ESH08,TYH08
ESH08,TYH08
ESH08,TYH08
ESH08,TYH08
ESH08,TYH08
ESH08,TYH08
ESH08,TYH08
ESH08,TYM08
ESM08,TYM08
ESM08,TYM08
ESM08,TYM08
ESM08,TYM08
ESM08,TYM08
ESM08,TYM08
ESM08,TYM08
ESM08,TYM08
ESM08,TYM08
ESM08,TYM08
ESM08,TYM08
ESM08,TYM08
ESM08,TYM08
ESM08,TYM08
ESM08,TYM08
ESM08,TYM08
ESM08,TYM08
ESM08,TYM08
ESM08,TYM08
ESM08,TYM08
ESM08,TYM08
ESM08,TYM08
ESM08,TYM08
ESM08,TYM08
ESM08,TYM08
ESM08,TYM08
ESM08,TYM08
ESM08,TYM08
ESM08,TYM08
ESM08,TYM08
ESM08,TYM08
ESM08,TYM08
ESM08,TYM08
ESM08,TYM08
ESM08,TYM08
ESM08,TYM08
ESM08,TYM08
ESM08,TYM08
ESM08,TYM08
ESM08,TYM08
ESM08,TYM08
ESM08,TYM08
ESM08,TYM08
ESM08,TYM08
ESM08,TYM08
ESM08,TYM08
ESM08,TYM08
ESM08,TYM08
ESM08,TYM08
ESM08,TYM08
ESM08,TYM08
ESM08,TYM08
ESM08,TYM08
ESM08,TYM08
ESM08,TYM08
ESM08,TYM08
ESM08,TYM08
ESM08,TYM08
ESM08,TYM08
ESM08,TYM08
ESM08,TYM08
ESM08,TYM08
ESM08,TYM08
ESM08,TYU08
ESU08,TYU08
ESU08,TYU08
ESU08,TYU08
ESU08,TYU08
ESU08,TYU08
ESU08,TYU08
ESU08,TYU08
ESU08,TYU08
ESU08,TYU08
ESU08,TYU08
ESU08,TYU08
ESU08,TYU08
ESU08,TYU08
ESU08,TYU08
ESU08,TYU08
ESU08,TYU08
ESU08,TYU08
ESU08,TYU08
ESU08,TYU08
ESU08,TYU08
ESU08,TYU08
ESU08,TYU08
ESU08,TYU08
ESU08,TYU08
ESU08,TYU08
ESU08,TYU08
ESU08,TYU08
ESU08,TYU08
ESU08,TYU08
ESU08,TYU08
ESU08,TYU08
ESU08,TYU08
ESU08,TYU08
ESU08,TYU08
ESU08,TYU08
ESU08,TYU08
ESU08,TYU08
ESU08,TYU08
ESU08,TYU08
ESU08,TYU08
ESU08,TYU08
ESU08,TYU08
ESU08,TYU08
ESU08,TYU08
ESU08,TYU08
ESU08,TYU08
ESU08,TYU08
ESU08,TYU08
ESU08,TYU08
ESU08,TYU08
ESU08,TYU08
ESU08,TYU08
ESU08,TYU08
ESU08,TYU08
ESU08,TYU08
ESU08,TYU08
ESU08,TYU08
ESU08,TYU08
ESU08,TYU08
ESU08,TYU08
ESU08,TYU08
ESU08,TYU08
ESU08,TYU08
ESZ08,TYZ08
ESZ08,TYZ08
ESZ08,TYZ08
ESZ08,TYZ08
ESZ08,TYZ08
ESZ08,TYZ08
ESZ08,TYZ08
ESZ08,TYZ08
ESZ08,TYZ08
ESZ08,TYZ08
ESZ08,TYZ08
ESZ08,TYZ08
ESZ08,TYZ08
ESZ08,TYZ08
ESZ08,TYZ08
ESZ08,TYZ08
ESZ08,TYZ08
ESZ08,TYZ08
ESZ08,TYZ08
ESZ08,TYZ08
ESZ08,TYZ08
ESZ08,TYZ08
ESZ08,TYZ08
ESZ08,TYZ08
ESZ08,TYZ08
ESZ08,TYZ08
ESZ08,TYZ08
ESZ08,TYZ08
ESZ08,TYZ08
ESZ08,TYZ08
ESZ08,TYZ08
ESZ08,TYZ08
ESZ08,TYZ08
ESZ08,TYZ08
ESZ08,TYZ08
ESZ08,TYZ08
ESZ08,TYZ08
ESZ08,TYZ08
ESZ08,TYZ08
ESZ08,TYZ08
ESZ08,TYZ08
ESZ08,TYZ08
ESZ08,TYZ08
ESZ08,TYZ08
ESZ08,TYZ08
ESZ08,TYZ08
ESZ08,TYZ08
ESZ08,TYZ08
ESZ08,TYZ08
ESZ08,TYZ08
ESZ08,TYZ08
ESZ08,TYZ08
ESZ08,TYZ08
ESZ08,TYZ08
ESZ08,TYZ08
ESZ08,TYZ08
ESZ08,TYZ08
ESZ08,TYZ08
ESZ08,TYZ08
ESZ08,TYZ08
ESZ08,TYZ08
ESZ08,TYZ08
ESZ08,TYZ08
ESZ08,TYZ08
ESH09,TYH09
ESH09,TYH09
ESH09,TYH09
ESH09,TYH09
ESH09,TYH09
ESH09,TYH09
ESH09,TYH09
ESH09,TYH09
ESH09,TYH09
ESH09,TYH09
ESH09,TYH09
ESH09,TYH09
ESH09,TYH09
ESH09,TYH09
ESH09,TYH09
ESH09,TYH09
ESH09,TYH09
ESH09,TYH09
ESH09,TYH09
ESH09,TYH09
ESH09,TYH09
ESH09,TYH09
ESH09,TYH09
ESH09,TYH09
ESH09,TYH09
ESH09,TYH09
ESH09,TYH09
ESH09,TYH09
ESH09,TYH09
ESH09,TYH09
ESH09,TYH09
ESH09,TYH09
ESH09,TYH09
ESH09,TYH09
ESH09,TYH09
ESH09,TYH09
ESH09,TYH09
ESH09,TYH09
ESH09,TYH09
ESH09,TYH09
ESH09,TYH09
ESH09,TYH09
ESH09,TYH09
ESH09,TYH09
ESH09,TYH09
ESH09,TYH09
ESH09,TYH09
ESH09,TYH09
ESH09,TYH09
ESH09,TYH09
ESH09,TYH09
ESH09,TYH09
ESH09,TYH09
ESH09,TYH09
ESH09,TYH09
ESH09,TYH09
ESH09,TYH09
ESH09,TYH09
ESH09,TYH09
ESH09,TYH09
ESH09,TYH09
ESM09,TYM09
ESM09,TYM09
ESM09,TYM09
ESM09,TYM09
ESM09,TYM09
ESM09,TYM09
ESM09,TYM09
ESM09,TYM09
ESM09,TYM09
ESM09,TYM09
ESM09,TYM09
ESM09,TYM09
ESM09,TYM09
ESM09,TYM09
ESM09,TYM09
ESM09,TYM09
ESM09,TYM09
ESM09,TYM09
ESM09,TYM09
ESM09,TYM09
ESM09,TYM09
ESM09,TYM09
ESM09,TYM09
ESM09,TYM09
ESM09,TYM09
ESM09,TYM09
ESM09,TYM09
ESM09,TYM09
ESM09,TYM09
ESM09,TYM09
ESM09,TYM09
ESM09,TYM09
ESM09,TYM09
ESM09,TYM09
ESM09,TYM09
ESM09,TYM09
ESM09,TYM09
ESM09,TYM09
ESM09,TYM09
ESM09,TYM09
ESM09,TYM09
ESM09,TYM09
ESM09,TYM09
ESM09,TYM09
ESM09,TYM09
ESM09,TYM09
ESM09,TYM09
ESM09,TYM09
ESM09,TYM09
ESM09,TYM09
ESM09,TYM09
ESM09,TYM09
ESM09,TYM09
ESM09,TYM09
ESM09,TYM09
ESM09,TYM09
ESM09,TYM09
ESM09,TYM09
ESM09,TYM09
ESM09,TYM09
ESM09,TYM09
ESM09,TYM09
ESM09,TYM09
ESU09,TYU09
ESU09,TYU09
ESU09,TYU09
ESU09,TYU09
ESU09,TYU09
ESU09,TYU09
ESU09,TYU09
ESU09,TYU09
ESU09,TYU09
ESU09,TYU09
ESU09,TYU09
ESU09,TYU09
ESU09,TYU09
ESU09,TYU09
ESU09,TYU09
ESU09,TYU09
ESU09,TYU09
ESU09,TYU09
ESU09,TYU09
ESU09,TYU09
ESU09,TYU09
ESU09,TYU09
ESU09,TYU09
ESU09,TYU09
ESU09,TYU09
ESU09,TYU09
ESU09,TYU09
ESU09,TYU09
ESU09,TYU09
ESU09,TYU09
ESU09,TYU09
ESU09,TYU09
ESU09,TYU09
ESU09,TYU09
ESU09,TYU09
ESU09,TYU09
ESU09,TYU09
ESU09,TYU09
ESU09,TYU09
ESU09,TYU09
ESU09,TYU09
ESU09,TYU09
ESU09,TYU09
ESU09,TYU09
ESU09,TYU09
ESU09,TYU09
ESU09,TYU09
ESU09,TYU09
ESU09,TYU09
ESU09,TYU09
ESU09,TYU09
ESU09,TYU09
ESU09,TYU09
ESU09,TYU09
ESU09,TYU09
ESU09,TYU09
ESU09,TYU09
ESU09,TYU09
ESU09,TYU09
ESU09,TYU09
ESU09,TYU09
ESU09,TYU09
ESU09,TYU09
ESZ09,TYU09
ESZ09,TYZ09
ESZ09,TYZ09
ESZ09,TYZ09
ESZ09,TYZ09
ESZ09,TYZ09
ESZ09,TYZ09
ESZ09,TYZ09
ESZ09,TYZ09
ESZ09,TYZ09
ESZ09,TYZ09
ESZ09,TYZ09
ESZ09,TYZ09
ESZ09,TYZ09
ESZ09,TYZ09
ESZ09,TYZ09
ESZ09,TYZ09
ESZ09,TYZ09
ESZ09,TYZ09
ESZ09,TYZ09
ESZ09,TYZ09
ESZ09,TYZ09
ESZ09,TYZ09
ESZ09,TYZ09
ESZ09,TYZ09
ESZ09,TYZ09
ESZ09,TYZ09
ESZ09,TYZ09
ESZ09,TYZ09
ESZ09,TYZ09
ESZ09,TYZ09
ESZ09,TYZ09
ESZ09,TYZ09
ESZ09,TYZ09
ESZ09,TYZ09
ESZ09,TYZ09
ESZ09,TYZ09
ESZ09,TYZ09
ESZ09,TYZ09
ESZ09,TYZ09
ESZ09,TYZ09
ESZ09,TYZ09
ESZ09,TYZ09
ESZ09,TYZ09
ESZ09,TYZ09
ESZ09,TYZ09
ESZ09,TYZ09
ESZ09,TYZ09
ESZ09,TYZ09
ESZ09,TYZ09
ESZ09,TYZ09
ESZ09,TYZ09
ESZ09,TYZ09
ESZ09,TYZ09
ESZ09,TYZ09
ESZ09,TYZ09
ESZ09,TYZ09
ESZ09,TYZ09
ESZ09,TYZ09
ESZ09,TYZ09
ESZ09,TYZ09
ESZ09,TYZ09
ESZ09,TYZ09
ESZ09,TYZ09
ESH10,TYZ09
ESH10,TYH10
ESH10,TYH10
ESH10,TYH10
ESH10,TYH10
ESH10,TYH10
ESH10,TYH10
ESH10,TYH10
ESH10,TYH10
ESH10,TYH10
ESH10,TYH10
ESH10,TYH10
ESH10,TYH10
ESH10,TYH10
ESH10,TYH10
ESH10,TYH10
ESH10,TYH10
ESH10,TYH10
ESH10,TYH10
ESH10,TYH10
ESH10,TYH10
ESH10,TYH10
ESH10,TYH10
ESH10,TYH10
ESH10,TYH10
ESH10,TYH10
ESH10,TYH10
ESH10,TYH10
ESH10,TYH10
ESH10,TYH10
ESH10,TYH10
ESH10,TYH10
ESH10,TYH10
ESH10,TYH10
ESH10,TYH10
ESH10,TYH10
ESH10,TYH10
ESH10,TYH10
ESH10,TYH10
ESH10,TYH10
ESH10,TYH10
ESH10,TYH10
ESH10,TYH10
ESH10,TYH10
ESH10,TYH10
ESH10,TYH10
ESH10,TYH10
ESH10,TYH10
ESH10,TYH10
ESH10,TYH10
ESH10,TYH10
ESH10,TYH10
ESH10,TYH10
ESH10,TYH10
ESH10,TYH10
ESH10,TYH10
ESH10,TYH10
ESH10,TYH10
ESH10,TYH10
ESH10,TYH10
ESH10,TYH10
ESM10,TYH10
ESM10,TYM10
ESM10,TYM10
ESM10,TYM10
ESM10,TYM10
ESM10,TYM10
ESM10,TYM10
ESM10,TYM10
ESM10,TYM10
ESM10,TYM10
ESM10,TYM10
ESM10,TYM10
ESM10,TYM10
ESM10,TYM10
ESM10,TYM10
ESM10,TYM10
ESM10,TYM10
ESM10,TYM10
ESM10,TYM10
ESM10,TYM10
ESM10,TYM10
ESM10,TYM10
ESM10,TYM10
ESM10,TYM10
ESM10,TYM10
ESM10,TYM10
ESM10,TYM10
ESM10,TYM10
ESM10,TYM10
ESM10,TYM10
ESM10,TYM10
ESM10,TYM10
ESM10,TYM10
ESM10,TYM10
ESM10,TYM10
ESM10,TYM10
ESM10,TYM10
ESM10,TYM10
ESM10,TYM10
ESM10,TYM10
ESM10,TYM10
ESM10,TYM10
ESM10,TYM10
ESM10,TYM10
ESM10,TYM10
ESM10,TYM10
ESM10,TYM10
ESM10,TYM10
ESM10,TYM10
ESM10,TYM10
ESM10,TYM10
ESM10,TYM10
ESM10,TYM10
ESM10,TYM10
ESM10,TYM10
ESM10,TYM10
ESM10,TYM10
ESM10,TYM10
ESM10,TYM10
ESM10,TYM10
ESM10,TYM10
ESM10,TYM10
ESM10,TYM10
ESU0,TYM10
ESU0,TYU0
ESU0,TYU0
ESU0,TYU0
ESU0,TYU0
ESU0,TYU0
ESU0,TYU0
ESU0,TYU0
ESU0,TYU0
ESU0,TYU0
ESU0,TYU0
ESU0,TYU0
ESU0,TYU0
ESU0,TYU0
ESU0,TYU0
ESU0,TYU0
ESU0,TYU0
ESU0,TYU0
ESU0,TYU0
ESU0,TYU0
ESU0,TYU0
ESU0,TYU0
ESU0,TYU0
ESU0,TYU0
ESU0,TYU0
ESU0,TYU0
ESU0,TYU0
ESU0,TYU0
ESU0,TYU0
ESU0,TYU0
ESU0,TYU0
ESU0,TYU0
ESU0,TYU0
ESU0,TYU0
ESU0,TYU0
ESU0,TYU0
ESU0,TYU0
ESU0,TYU0
ESU0,TYU0
ESU0,TYU0
ESU0,TYU0
ESU0,TYU0
ESU0,TYU0
ESU0,TYU0
ESU0,TYU0
ESU0,TYU0
ESU0,TYU0
ESU0,TYU0
ESU0,TYU0
ESU0,TYU0
ESU0,TYU0
ESU0,TYU0
ESU0,TYU0
ESU0,TYU0
ESU0,TYU0
ESU0,TYU0
ESU0,TYU0
ESU0,TYU0
ESU0,TYU0
ESU0,TYU0
ESU0,TYU0
ESU0,TYU0
ESU0,TYU0
ESZ0,TYU0
ESZ0,TYU0
ESZ0,TYZ0
ESZ0,TYZ0
ESZ0,TYZ0
ESZ0,TYZ0
ESZ0,TYZ0
ESZ0,TYZ0
ESZ0,TYZ0
ESZ0,TYZ0
ESZ0,TYZ0
ESZ0,TYZ0
ESZ0,TYZ0
ESZ0,TYZ0
ESZ0,TYZ0
ESZ0,TYZ0
ESZ0,TYZ0
ESZ0,TYZ0
ESZ0,TYZ0
ESZ0,TYZ0
ESZ0,TYZ0
ESZ0,TYZ0
ESZ0,TYZ0
ESZ0,TYZ0
ESZ0,TYZ0
ESZ0,TYZ0
ESZ0,TYZ0
ESZ0,TYZ0
ESZ0,TYZ0
ESZ0,TYZ0
ESZ0,TYZ0
ESZ0,TYZ0
ESZ0,TYZ0
ESZ0,TYZ0
ESZ0,TYZ0
ESZ0,TYZ0
ESZ0,TYZ0
ESZ0,TYZ0
ESZ0,TYZ0
ESZ0,TYZ0
ESZ0,TYZ0
ESZ0,TYZ0
ESZ0,TYZ0
ESZ0,TYZ0
ESZ0,TYZ0
ESZ0,TYZ0
ESZ0,TYZ0
ESZ0,TYZ0
ESZ0,TYZ0
ESZ0,TYZ0
ESZ0,TYZ0
ESZ0,TYZ0
ESZ0,TYZ0
ESZ0,TYZ0
ESZ0,TYZ0
ESZ0,TYZ0
ESZ0,TYZ0
ESZ0,TYZ0
ESZ0,TYZ0
ESZ0,TYZ0
ESZ0,TYZ0
ESZ0,TYZ0
ESZ0,TYZ0
ESZ0,TYZ0
ESH1,TYZ0
ESH1,TYZ0
ESH1,TYH1
ESH1,TYH1
ESH1,TYH1
ESH1,TYH1
ESH1,TYH1
ESH1,TYH1
ESH1,TYH1
ESH1,TYH1
ESH1,TYH1
ESH1,TYH1
ESH1,TYH1
ESH1,TYH1
ESH1,TYH1
ESH1,TYH1
ESH1,TYH1
ESH1,TYH1
ESH1,TYH1
ESH1,TYH1
ESH1,TYH1
ESH1,TYH1
ESH1,TYH1
ESH1,TYH1
ESH1,TYH1
ESH1,TYH1
ESH1,TYH1
ESH1,TYH1
ESH1,TYH1
ESH1,TYH1
ESH1,TYH1
ESH1,TYH1
ESH1,TYH1
ESH1,TYH1
ESH1,TYH1
ESH1,TYH1
ESH1,TYH1
ESH1,TYH1
ESH1,TYH1
ESH1,TYH1
ESH1,TYH1
ESH1,TYH1
ESH1,TYH1
ESH1,TYH1
ESH1,TYH1
ESH1,TYH1
ESH1,TYH1
ESH1,TYH1
ESH1,TYH1
ESH1,TYH1
ESH1,TYH1
ESH1,TYH1
ESH1,TYH1
ESH1,TYH1
ESH1,TYH1
ESH1,TYH1
ESH1,TYH1
ESH1,TYH1
ESH1,TYH1
ESH1,TYH1
ESH1,TYH1
ESH1,TYH1
ESM1,TYH1
ESM1,TYH1
ESM1,TYM1
ESM1,TYM1
ESM1,TYM1
ESM1,TYM1
ESM1,TYM1
ESM1,TYM1
ESM1,TYM1
ESM1,TYM1
ESM1,TYM1
ESM1,TYM1
ESM1,TYM1
ESM1,TYM1
ESM1,TYM1
ESM1,TYM1
ESM1,TYM1
ESM1,TYM1
ESM1,TYM1
ESM1,TYM1
ESM1,TYM1
ESM1,TYM1
ESM1,TYM1
ESM1,TYM1
ESM1,TYM1
ESM1,TYM1
ESM1,TYM1
ESM1,TYM1
ESM1,TYM1
ESM1,TYM1
ESM1,TYM1
ESM1,TYM1
ESM1,TYM1
ESM1,TYM1
ESM1,TYM1
ESM1,TYM1
ESM1,TYM1
ESM1,TYM1
ESM1,TYM1
ESM1,TYM1
ESM1,TYM1
ESM1,TYM1
ESM1,TYM1
ESM1,TYM1
ESM1,TYM1
ESM1,TYM1
ESM1,TYM1
ESM1,TYM1
ESM1,TYM1
ESM1,TYM1
ESM1,TYM1
ESM1,TYM1
ESM1,TYM1
ESM1,TYM1
ESM1,TYM1
ESM1,TYM1
ESM1,TYM1
ESM1,TYM1
ESM1,TYM1
ESM1,TYM1
ESM1,TYM1
ESM1,TYM1
ESM1,TYM1
ESU1,TYM1
ESU1,TYM1
ESU1,TYU1
ESU1,TYU1
ESU1,TYU1
ESU1,TYU1
ESU1,TYU1
ESU1,TYU1
ESU1,TYU1
ESU1,TYU1
ESU1,TYU1
ESU1,TYU1
ESU1,TYU1
ESU1,TYU1
ESU1,TYU1
ESU1,TYU1
ESU1,TYU1
ESU1,TYU1
ESU1,TYU1
ESU1,TYU1
ESU1,TYU1
ESU1,TYU1
ESU1,TYU1
ESU1,TYU1
ESU1,TYU1
ESU1,TYU1
ESU1,TYU1
ESU1,TYU1
ESU1,TYU1
ESU1,TYU1
ESU1,TYU1
ESU1,TYU1
ESU1,TYU1
ESU1,TYU1
ESU1,TYU1
ESU1,TYU1
ESU1,TYU1
ESU1,TYU1
ESU1,TYU1
ESU1,TYU1
ESU1,TYU1
ESU1,TYU1
ESU1,TYU1
ESU1,TYU1
ESU1,TYU1
ESU1,TYU1
ESU1,TYU1
ESU1,TYU1
ESU1,TYU1
ESU1,TYU1
ESU1,TYU1
ESU1,TYU1
ESU1,TYU1
ESU1,TYU1
ESU1,TYU1
ESU1,TYU1
ESU1,TYU1
ESU1,TYU1
ESU1,TYU1
ESU1,TYU1
ESU1,TYU1
ESU1,TYU1
ESU1,TYU1
ESZ1,TYU1
ESZ1,TYU1
ESZ1,TYU1
ESZ1,TYZ1
ESZ1,TYZ1
ESZ1,TYZ1
ESZ1,TYZ1
ESZ1,TYZ1
ESZ1,TYZ1
ESZ1,TYZ1
ESZ1,TYZ1
ESZ1,TYZ1
ESZ1,TYZ1
ESZ1,TYZ1
ESZ1,TYZ1
ESZ1,TYZ1
ESZ1,TYZ1
ESZ1,TYZ1
ESZ1,TYZ1
ESZ1,TYZ1
ESZ1,TYZ1
ESZ1,TYZ1
ESZ1,TYZ1
ESZ1,TYZ1
ESZ1,TYZ1
ESZ1,TYZ1
ESZ1,TYZ1
ESZ1,TYZ1
ESZ1,TYZ1
ESZ1,TYZ1
ESZ1,TYZ1
ESZ1,TYZ1
ESZ1,TYZ1
ESZ1,TYZ1
ESZ1,TYZ1
ESZ1,TYZ1
ESZ1,TYZ1
ESZ1,TYZ1
ESZ1,TYZ1
ESZ1,TYZ1
ESZ1,TYZ1
ESZ1,TYZ1
ESZ1,TYZ1
ESZ1,TYZ1
ESZ1,TYZ1
ESZ1,TYZ1
ESZ1,TYZ1
ESZ1,TYZ1
ESZ1,TYZ1
ESZ1,TYZ1
ESZ1,TYZ1
ESZ1,TYZ1
ESZ1,TYZ1
ESZ1,TYZ1
ESZ1,TYZ1
ESZ1,TYZ1
ESZ1,TYZ1
ESZ1,TYZ1
ESZ1,TYZ1
ESZ1,TYZ1
ESZ1,TYZ1
ESZ1,TYZ1
ESZ1,TYZ1
ESZ1,TYZ1
ESH2,TYZ1
ESH2,TYZ1
ESH2,TYH2
ESH2,TYH2
ESH2,TYH2
ESH2,TYH2
ESH2,TYH2
ESH2,TYH2
ESH2,TYH2
ESH2,TYH2
ESH2,TYH2
ESH2,TYH2
ESH2,TYH2
ESH2,TYH2
ESH2,TYH2
ESH2,TYH2
ESH2,TYH2
ESH2,TYH2
ESH2,TYH2
ESH2,TYH2
ESH2,TYH2
ESH2,TYH2
ESH2,TYH2
ESH2,TYH2
ESH2,TYH2
ESH2,TYH2
ESH2,TYH2
ESH2,TYH2
ESH2,TYH2
ESH2,TYH2
ESH2,TYH2
ESH2,TYH2
ESH2,TYH2
ESH2,TYH2
ESH2,TYH2
ESH2,TYH2
ESH2,TYH2
ESH2,TYH2
ESH2,TYH2
ESH2,TYH2
ESH2,TYH2
ESH2,TYH2
ESH2,TYH2
ESH2,TYH2
ESH2,TYH2
ESH2,TYH2
ESH2,TYH2
ESH2,TYH2
ESH2,TYH2
ESH2,TYH2
ESH2,TYH2
ESH2,TYH2
ESH2,TYH2
ESH2,TYH2
ESH2,TYH2
ESH2,TYH2
ESH2,TYH2
ESH2,TYH2
ESH2,TYH2
ESH2,TYH2
ESH2,TYH2
ESH2,TYH2
ESM2,TYH2
ESM2,TYH2
ESM2,TYH2
ESM2,TYM2
ESM2,TYM2
ESM2,TYM2
ESM2,TYM2
ESM2,TYM2
ESM2,TYM2
ESM2,TYM2
ESM2,TYM2
ESM2,TYM2
ESM2,TYM2
ESM2,TYM2
ESM2,TYM2
ESM2,TYM2
ESM2,TYM2
ESM2,TYM2
ESM2,TYM2
ESM2,TYM2
ESM2,TYM2
ESM2,TYM2
ESM2,TYM2
ESM2,TYM2
ESM2,TYM2
ESM2,TYM2
ESM2,TYM2
ESM2,TYM2
ESM2,TYM2
ESM2,TYM2
ESM2,TYM2
ESM2,TYM2
ESM2,TYM2
ESM2,TYM2
ESM2,TYM2
ESM2,TYM2
ESM2,TYM2
ESM2,TYM2
ESM2,TYM2
ESM2,TYM2
ESM2,TYM2
ESM2,TYM2
ESM2,TYM2
ESM2,TYM2
ESM2,TYM2
ESM2,TYM2
ESM2,TYM2
ESM2,TYM2
ESM2,TYM2
ESM2,TYM2
ESM2,TYM2
ESM2,TYM2
ESM2,TYM2
ESM2,TYM2
ESM2,TYM2
ESM2,TYM2
ESM2,TYM2
ESM2,TYM2
ESM2,TYM2
ESM2,TYM2
ESM2,TYM2
ESM2,TYM2
ESM2,TYM2
ESM2,TYM2
ESU2,TYM2
ESU2,TYM2
ESU2,TYM2
ESU2,TYU2
ESU2,TYU2
ESU2,TYU2
ESU2,TYU2
ESU2,TYU2
ESU2,TYU2
ESU2,TYU2
ESU2,TYU2
ESU2,TYU2
#NA,#NA
ESU2,TYU2
ESU2,TYU2
ESU2,TYU2
ESU2,TYU2
ESU2,TYU2
ESU2,TYU2
ESU2,TYU2
ESU2,TYU2
ESU2,TYU2
ESU2,TYU2
ESU2,TYU2
ESU2,TYU2
ESU2,TYU2
ESU2,TYU2
ESU2,TYU2
ESU2,TYU2
ESU2,TYU2
ESU2,TYU2
ESU2,TYU2
ESU2,TYU2
ESU2,TYU2
ESU2,TYU2
ESU2,TYU2
ESU2,TYU2
ESU2,TYU2
ESU2,TYU2
ESU2,TYU2
ESU2,TYU2
ESU2,TYU2
ESU2,TYU2
ESU2,TYU2
ESU2,TYU2
ESU2,TYU2
ESU2,TYU2
ESU2,TYU2
ESU2,TYU2
ESU2,TYU2
ESU2,TYU2
ESU2,TYU2
ESU2,TYU2
ESU2,TYU2
ESU2,TYU2
#NA,#NA
ESU2,TYU2
ESU2,TYU2
ESU2,TYU2
ESU2,TYU2
ESU2,TYU2
ESU2,TYU2
ESU2,TYU2
ESU2,TYU2
ESU2,TYU2
ESU2,TYU2
ESU2,TYU2
ESU2,TYU2
ESU2,TYZ2
ESU2,TYZ2
ESZ2,TYZ2
ESZ2,TYZ2
ESZ2,TYZ2
ESZ2,TYZ2
ESZ2,TYZ2
ESZ2,TYZ2
ESZ2,TYZ2
ESZ2,TYZ2
ESZ2,TYZ2
ESZ2,TYZ2
ESZ2,TYZ2
ESZ2,TYZ2
ESZ2,TYZ2
ESZ2,TYZ2
ESZ2,TYZ2
ESZ2,TYZ2
ESZ2,TYZ2
ESZ2,TYZ2
ESZ2,TYZ2
ESZ2,TYZ2
ESZ2,TYZ2
ESZ2,TYZ2
ESZ2,TYZ2
ESZ2,TYZ2
ESZ2,TYZ2
ESZ2,TYZ2
ESZ2,TYZ2
ESZ2,TYZ2
ESZ2,TYZ2
ESZ2,TYZ2
ESZ2,TYZ2
ESZ2,TYZ2
ESZ2,TYZ2
ESZ2,TYZ2
ESZ2,TYZ2
ESZ2,TYZ2
ESZ2,TYZ2
ESZ2,TYZ2
ESZ2,TYZ2
ESZ2,TYZ2
ESZ2,TYZ2
ESZ2,TYZ2
ESZ2,TYZ2
#NA,#NA
ESZ2,TYZ2
ESZ2,TYZ2
ESZ2,TYZ2
ESZ2,TYZ2
ESZ2,TYZ2
ESZ2,TYZ2
ESZ2,TYZ2
ESZ2,TYZ2
ESZ2,TYZ2
ESZ2,TYZ2
ESZ2,TYZ2
ESZ2,TYZ2
ESZ2,TYZ2
ESZ2,TYZ2
ESZ2,TYZ2
ESZ2,TYZ2
ESZ2,TYZ2
ESZ2,TYZ2
ESZ2,TYZ2
ESZ2,TYH3
ESZ2,TYH3
ESH3,TYH3
ESH3,TYH3
ESH3,TYH3
ESH3,TYH3
ESH3,TYH3
ESH3,TYH3
ESH3,TYH3
ESH3,TYH3
ESH3,TYH3
ESH3,TYH3
ESH3,TYH3
ESH3,TYH3
ESH3,TYH3
ESH3,TYH3
ESH3,TYH3
ESH3,TYH3
#NA,#NA
ESH3,TYH3
ESH3,TYH3
ESH3,TYH3
ESH3,TYH3
ESH3,TYH3
ESH3,TYH3
ESH3,TYH3
ESH3,TYH3
ESH3,TYH3
ESH3,TYH3
ESH3,TYH3
ESH3,TYH3
ESH3,TYH3
ESH3,TYH3
ESH3,TYH3
ESH3,TYH3
ESH3,TYH3
ESH3,TYH3
ESH3,TYH3
#NA,#NA
ESH3,TYH3
ESH3,TYH3
ESH3,TYH3
ESH3,TYH3
ESH3,TYH3
ESH3,TYH3
ESH3,TYH3
ESH3,TYH3
ESH3,TYH3
ESH3,TYH3
ESH3,TYH3
ESH3,TYH3
ESH3,TYH3
ESH3,TYH3
ESH3,TYH3
ESH3,TYH3
ESH3,TYH3
ESH3,TYH3
ESH3,TYH3
ESM3,TYH3
ESM3,TYH3
ESM3,TYM3
ESM3,TYM3
ESM3,TYM3
ESM3,TYM3
ESM3,TYM3
ESM3,TYM3
ESM3,TYM3
ESM3,TYM3
ESM3,TYM3
ESM3,TYM3
ESM3,TYM3
ESM3,TYM3
ESM3,TYM3
ESM3,TYM3
ESM3,TYM3
ESM3,TYM3
ESM3,TYM3
ESM3,TYM3
ESM3,TYM3
ESM3,TYM3
ESM3,TYM3
ESM3,TYM3
ESM3,TYM3
ESM3,TYM3
ESM3,TYM3
ESM3,TYM3
ESM3,TYM3
ESM3,TYM3
ESM3,TYM3
ESM3,TYM3
ESM3,TYM3
ESM3,TYM3
ESM3,TYM3
ESM3,TYM3
ESM3,TYM3
ESM3,TYM3
ESM3,TYM3
ESM3,TYM3
ESM3,TYM3
ESM3,TYM3
ESM3,TYM3
ESM3,TYM3
ESM3,TYM3
ESM3,TYM3
ESM3,TYM3
ESM3,TYM3
ESM3,TYM3
ESM3,TYM3
#NA,#NA
ESM3,TYM3
ESM3,TYM3
ESM3,TYM3
ESM3,TYM3
ESM3,TYM3
ESM3,TYM3
ESM3,TYM3
ESM3,TYM3
ESM3,TYM3
ESM3,TYM3
ESM3,TYM3
ESM3,TYM3
ESM3,TYM3
ESM3,TYM3
ESM3,TYM3
ESM3,TYM3
ESM3,TYM3
ESM3,TYU3
ESM3,TYU3
ESU3,TYU3
ESU3,TYU3
ESU3,TYU3
ESU3,TYU3
ESU3,TYU3
ESU3,TYU3
ESU3,TYU3
ESU3,TYU3
#NA,#NA
ESU3,TYU3
ESU3,TYU3
ESU3,TYU3
ESU3,TYU3
ESU3,TYU3
ESU3,TYU3
ESU3,TYU3
ESU3,TYU3
ESU3,TYU3
ESU3,TYU3
ESU3,TYU3
ESU3,TYU3
ESU3,TYU3
ESU3,TYU3
ESU3,TYU3
ESU3,TYU3
ESU3,TYU3
ESU3,TYU3
ESU3,TYU3
ESU3,TYU3
ESU3,TYU3
ESU3,TYU3
ESU3,TYU3
ESU3,TYU3
ESU3,TYU3
ESU3,TYU3
ESU3,TYU3
ESU3,TYU3
ESU3,TYU3
ESU3,TYU3
ESU3,TYU3
ESU3,TYU3
ESU3,TYU3
ESU3,TYU3
ESU3,TYU3
ESU3,TYU3
ESU3,TYU3
ESU3,TYU3
ESU3,TYU3
ESU3,TYU3
ESU3,TYU3
#NA,#NA
ESU3,TYU3
ESU3,TYU3
ESU3,TYU3
ESU3,TYU3
ESU3,TYU3
ESU3,TYU3
ESU3,TYU3
ESU3,TYU3
ESU3,TYU3
ESU3,TYU3
ESU3,TYU3
ESU3,TYU3
ESU3,TYU3
ESU3,TYZ3
ESZ3,TYZ3
ESZ3,TYZ3
ESZ3,TYZ3
ESZ3,TYZ3
ESZ3,TYZ3
ESZ3,TYZ3
ESZ3,TYZ3
ESZ3,TYZ3
ESZ3,TYZ3
ESZ3,TYZ3
ESZ3,TYZ3
ESZ3,TYZ3
ESZ3,TYZ3
ESZ3,TYZ3
ESZ3,TYZ3
ESZ3,TYZ3
ESZ3,TYZ3
ESZ3,TYZ3
ESZ3,TYZ3
ESZ3,TYZ3
ESZ3,TYZ3
ESZ3,TYZ3
ESZ3,TYZ3
ESZ3,TYZ3
ESZ3,TYZ3
ESZ3,TYZ3
ESZ3,TYZ3
ESZ3,TYZ3
ESZ3,TYZ3
ESZ3,TYZ3
ESZ3,TYZ3
ESZ3,TYZ3
ESZ3,TYZ3
ESZ3,TYZ3
ESZ3,TYZ3
ESZ3,TYZ3
ESZ3,TYZ3
ESZ3,TYZ3
ESZ3,TYZ3
ESZ3,TYZ3
ESZ3,TYZ3
ESZ3,TYZ3
ESZ3,TYZ3
ESZ3,TYZ3
ESZ3,TYZ3
ESZ3,TYZ3
ESZ3,TYZ3
ESZ3,TYZ3
ESZ3,TYZ3
ESZ3,TYZ3
ESZ3,TYZ3
ESZ3,TYZ3
ESZ3,TYZ3
ESZ3,TYZ3
ESZ3,TYZ3
ESZ3,TYZ3
ESZ3,TYZ3
ESZ3,TYZ3
ESZ3,TYZ3
ESZ3,TYZ3
ESZ3,TYZ3
ESZ3,TYZ3
ESZ3,TYZ3
ESZ3,TYH4
ESH4,TYH4
ESH4,TYH4
ESH4,TYH4
ESH4,TYH4
ESH4,TYH4
ESH4,TYH4
ESH4,TYH4
ESH4,TYH4
ESH4,TYH4
ESH4,TYH4
ESH4,TYH4
ESH4,TYH4
ESH4,TYH4
ESH4,TYH4
ESH4,TYH4
ESH4,TYH4
ESH4,TYH4
ESH4,TYH4
ESH4,TYH4
ESH4,TYH4
#NA,#NA
ESH4,TYH4
ESH4,TYH4
ESH4,TYH4
ESH4,TYH4
ESH4,TYH4
ESH4,TYH4
ESH4,TYH4
ESH4,TYH4
ESH4,TYH4
ESH4,TYH4
ESH4,TYH4
ESH4,TYH4
ESH4,TYH4
ESH4,TYH4
ESH4,TYH4
ESH4,TYH4
ESH4,TYH4
ESH4,TYH4
ESH4,TYH4
ESH4,TYH4
ESH4,TYH4
ESH4,TYH4
ESH4,TYH4
ESH4,TYH4
ESH4,TYH4
ESH4,TYH4
ESH4,TYH4
ESH4,TYH4
ESH4,TYH4
ESH4,TYH4
ESH4,TYH4
ESH4,TYH4
ESH4,TYH4
ESH4,TYH4
ESH4,TYH4
ESH4,TYH4
ESH4,TYH4
ESH4,TYH4
ESH4,TYH4
ESH4,TYH4
ESH4,TYH4
ESH4,TYH4
ESH4,TYH4
ESH4,TYM4
ESM4,TYM4
ESM4,TYM4
ESM4,TYM4
ESM4,TYM4
ESM4,TYM4
ESM4,TYM4
ESM4,TYM4
ESM4,TYM4
ESM4,TYM4
ESM4,TYM4
ESM4,TYM4
ESM4,TYM4
ESM4,TYM4
ESM4,TYM4
ESM4,TYM4
ESM4,TYM4
ESM4,TYM4
ESM4,TYM4
ESM4,TYM4
ESM4,TYM4
ESM4,TYM4
ESM4,TYM4
ESM4,TYM4
ESM4,TYM4
ESM4,TYM4
ESM4,TYM4
ESM4,TYM4
ESM4,TYM4
ESM4,TYM4
ESM4,TYM4
ESM4,TYM4
ESM4,TYM4
ESM4,TYM4
ESM4,TYM4
ESM4,TYM4
ESM4,TYM4
ESM4,TYM4
ESM4,TYM4
ESM4,TYM4
ESM4,TYM4
ESM4,TYM4
ESM4,TYM4
ESM4,TYM4
ESM4,TYM4
ESM4,TYM4
#NA,#NA
ESM4,TYM4
ESM4,TYM4
ESM4,TYM4
ESM4,TYM4
ESM4,TYM4
ESM4,TYM4
ESM4,TYM4
ESM4,TYM4
ESM4,TYM4
ESM4,TYM4
ESM4,TYM4
ESM4,TYM4
ESM4,TYM4
ESM4,TYM4
ESM4,TYM4
ESM4,TYM4
ESM4,TYM4
ESM4,TYM4
ESM4,TYU4
ESU4,TYU4
ESU4,TYU4
ESU4,TYU4
ESU4,TYU4
ESU4,TYU4
ESU4,TYU4
ESU4,TYU4
ESU4,TYU4
ESU4,TYU4
#NA,#NA
ESU4,TYU4
ESU4,TYU4
ESU4,TYU4
ESU4,TYU4
ESU4,TYU4
ESU4,TYU4
ESU4,TYU4
ESU4,TYU4
ESU4,TYU4
ESU4,TYU4
ESU4,TYU4
ESU4,TYU4
ESU4,TYU4
ESU4,TYU4
ESU4,TYU4
ESU4,TYU4
ESU4,TYU4
ESU4,TYU4
ESU4,TYU4
ESU4,TYU4
ESU4,TYU4
ESU4,TYU4
ESU4,TYU4
ESU4,TYU4
ESU4,TYU4
ESU4,TYU4
ESU4,TYU4
ESU4,TYU4
ESU4,TYU4
ESU4,TYU4
ESU4,TYU4
ESU4,TYU4
ESU4,TYU4
ESU4,TYU4
ESU4,TYU4
ESU4,TYU4
ESU4,TYU4
ESU4,TYU4
ESU4,TYU4
ESU4,TYU4
,
ESU4,TYU4
ESU4,TYU4
ESU4,TYU4
ESU4,TYU4
ESU4,TYU4
ESU4,TYU4
ESU4,TYU4
